best_seller,bracelet,ring,necklace,earring,choker,pendant,mesh,gold,silver,white,titanium,ip,rose,steel,mat_sum,pearl,topaz,amazonite,gemstones,spinel,onyx,gem_sum,diamonds,ruby,puregold,blend,logprice
1,0,1,0,0,0,0,0,0,1,0,0,0,0,0,1,1,0,0,0,0,0,1,0,0,0,0,6.184148890937483
1,0,1,0,0,0,0,0,0,1,0,0,0,0,0,1,1,0,0,0,0,0,1,0,0,0,0,6.429719478039138
1,0,1,0,0,0,0,0,0,1,0,0,0,0,0,1,0,0,0,0,0,0,0,0,0,0,0,5.91350300563827
1,0,0,0,0,0,1,0,0,1,0,0,0,0,0,1,0,0,0,0,0,0,0,0,0,0,0,5.91350300563827
1,0,1,0,0,0,0,0,1,0,0,0,0,0,0,1,1,0,0,0,0,0,1,0,0,1,0,7.170119543449628
1,0,1,0,0,0,0,0,1,0,0,0,0,0,0,1,1,0,0,0,0,0,1,0,0,1,0,6.709304340258298
1,0,1,0,0,0,0,0,1,0,0,0,0,0,0,1,0,0,0,0,0,0,0,0,0,1,0,6.709304340258298
1,0,1,0,0,0,0,0,1,0,0,0,0,0,0,1,0,0,0,0,0,0,0,0,0,1,0,7.495541943884256
1,0,0,0,0,0,1,0,0,1,0,0,0,0,0,1,0,0,0,0,0,0,0,0,0,0,0,5.91350300563827
1,0,0,0,0,0,1,0,0,1,0,0,0,0,0,1,0,0,0,0,0,0,0,0,0,0,0,5.91350300563827
1,0,1,0,1,0,0,1,0,1,0,0,0,0,0,1,0,0,0,0,0,0,0,0,0,0,0,6.184148890937483
1,1,0,0,0,0,0,1,0,1,0,0,0,0,0,1,0,0,0,0,0,0,0,0,0,0,0,6.476972362889683
1,1,0,0,0,0,0,1,0,1,0,0,0,1,1,3,1,0,0,0,0,0,1,0,0,0,1,6.672032945461067
1,1,0,0,0,0,0,1,0,1,0,0,0,1,1,3,1,0,0,0,0,0,1,0,0,0,1,6.672032945461067
1,1,0,0,0,0,0,0,0,1,0,0,0,0,0,1,0,0,0,0,0,0,0,0,0,0,0,5.768320995793772
1,1,0,0,0,0,0,0,0,1,0,0,0,0,0,1,0,0,0,0,0,0,0,0,0,0,0,5.768320995793772
1,0,1,0,0,0,0,0,0,1,0,0,0,0,0,1,0,0,0,0,0,0,0,0,0,0,0,5.768320995793772
1,0,1,0,0,0,0,0,0,1,0,0,0,0,0,1,0,0,0,0,0,0,0,0,0,0,0,6.016157159698354
1,0,1,0,0,0,0,0,0,1,0,0,0,0,0,1,0,0,0,0,0,0,0,0,0,0,0,6.429719478039138
1,0,0,1,0,0,0,0,0,1,0,0,0,0,0,1,0,0,0,0,0,0,0,0,0,0,0,6.016157159698354
1,0,0,1,0,0,0,0,0,1,0,0,0,0,0,1,0,0,0,0,0,0,0,0,0,0,0,6.016157159698354
1,0,0,1,0,0,0,0,0,1,0,0,0,0,0,1,0,0,0,0,0,0,0,0,0,0,0,6.016157159698354
1,0,0,1,0,0,0,0,0,1,0,0,0,0,0,1,0,0,0,0,0,0,1,0,0,0,0,6.016157159698354
1,0,1,0,0,0,0,0,0,1,0,0,0,0,0,1,0,0,0,0,0,0,1,0,0,0,0,6.016157159698354
1,0,1,0,0,0,0,0,0,1,0,0,0,0,0,1,0,0,0,0,0,0,0,0,0,0,0,6.016157159698354
1,1,0,0,0,0,0,0,0,1,0,0,0,0,0,1,0,0,0,0,0,0,0,0,0,0,0,5.768320995793772
1,0,0,1,0,0,0,0,0,1,0,0,0,0,0,1,0,0,0,0,0,0,0,0,0,0,0,5.91350300563827
1,0,1,0,0,0,0,0,0,1,0,0,0,0,0,1,0,0,0,0,0,0,0,0,0,0,0,5.91350300563827
1,0,0,0,0,0,0,0,0,1,0,0,0,0,0,1,0,0,0,0,0,0,0,0,0,0,0,6.476972362889683
1,0,1,0,0,0,0,0,0,1,0,0,0,0,0,1,0,0,0,0,0,0,0,0,0,0,0,5.768320995793772
1,0,1,0,1,0,0,0,0,1,0,0,0,0,0,1,0,0,0,0,0,0,0,0,0,0,0,6.016157159698354
1,1,0,0,0,0,0,0,0,1,0,0,0,0,0,1,0,0,0,0,0,0,0,0,0,0,0,6.709304340258298
1,1,0,0,0,0,0,0,1,0,0,0,0,0,0,1,0,0,0,0,0,0,0,0,0,1,0,7.3777589082278725
1,1,0,0,0,0,0,0,0,1,0,0,0,0,0,1,0,0,0,0,0,0,0,0,0,0,0,6.12029741895095
1,1,0,0,0,0,0,0,0,0,0,0,0,0,1,1,0,0,0,0,0,0,0,0,0,0,0,5.476463551931511
1,1,0,0,0,0,0,0,0,1,0,0,0,0,0,1,0,0,0,0,0,0,0,0,0,0,0,6.184148890937483
1,0,0,1,0,0,0,0,0,1,0,0,0,0,0,1,0,0,0,0,0,0,0,0,0,0,0,6.29156913955832
1,0,0,1,0,0,0,0,0,1,0,0,0,1,0,2,0,0,0,0,0,0,0,0,0,0,1,6.184148890937483
1,0,1,0,0,0,0,0,0,1,0,0,0,1,0,2,1,0,0,0,0,0,1,0,0,0,1,6.476972362889683
1,0,0,0,0,0,1,0,0,1,0,0,0,1,0,2,0,0,0,0,0,0,0,0,0,0,1,5.10594547390058
1,0,0,0,0,0,1,0,0,1,0,0,0,1,0,2,0,0,1,0,0,0,1,0,1,0,1,5.3471075307174685
1,0,0,0,0,0,1,0,0,1,0,0,0,1,0,2,1,0,1,0,0,0,2,0,0,0,1,5.3471075307174685
1,0,0,0,0,0,1,0,0,1,0,0,0,0,0,1,1,0,1,0,0,0,2,0,0,0,0,5.10594547390058
1,0,0,0,0,0,1,0,0,1,0,0,0,0,0,1,0,0,0,0,0,0,0,0,1,0,0,5.10594547390058
1,1,0,0,0,0,0,0,1,0,0,0,0,0,0,1,0,0,0,0,0,0,0,0,0,1,0,5.631211781821365
1,1,0,0,0,0,0,0,1,0,0,0,0,0,0,1,1,0,0,0,0,0,1,0,0,1,0,5.631211781821365
1,1,0,0,0,0,0,0,1,0,0,0,0,0,0,1,0,0,0,0,0,0,0,0,0,1,0,5.631211781821365
1,1,0,0,0,0,0,0,0,1,0,0,0,0,0,1,1,0,0,0,0,0,1,0,0,0,0,5.666426688112432
1,1,0,0,0,0,0,0,0,1,0,0,0,0,0,1,0,0,0,0,0,0,0,0,0,0,0,6.345636360828596
0,1,0,0,0,0,0,0,0,1,0,0,0,0,0,1,0,0,0,0,0,0,0,0,0,0,0,6.606650186198215
0,1,0,0,0,0,0,0,1,0,0,0,0,1,0,2,0,0,0,0,0,0,0,0,0,0,1,6.709304340258298
0,1,0,0,0,0,0,0,1,0,0,0,0,0,0,1,1,0,0,0,0,0,1,0,0,1,0,6.606650186198215
0,1,0,0,0,0,0,0,1,0,0,0,0,1,0,2,0,0,0,0,0,0,0,0,1,0,1,6.672032945461067
0,1,0,0,0,0,0,0,0,1,0,0,0,0,0,1,0,0,0,0,0,0,0,0,0,0,0,6.606650186198215
0,1,0,0,0,0,0,0,0,1,0,0,0,0,0,1,1,0,0,0,0,0,1,0,0,0,0,6.184148890937483
0,1,0,0,0,0,0,0,1,0,0,0,0,1,0,2,1,0,0,0,0,0,1,0,1,0,1,6.672032945461067
0,1,0,0,0,0,0,0,1,0,0,0,0,1,0,2,0,0,0,0,0,0,0,0,1,0,1,6.606650186198215
0,1,0,0,0,0,0,0,1,0,0,0,0,1,0,2,0,0,0,0,1,0,1,0,1,0,1,6.606650186198215
0,1,0,0,0,0,0,0,1,0,0,0,0,1,0,2,0,0,0,1,0,0,1,0,0,0,1,6.887552571664617
0,1,0,0,0,0,0,0,0,1,0,0,0,0,0,1,0,0,0,0,0,0,0,0,0,0,0,6.12029741895095
0,1,0,0,0,0,0,0,0,1,0,0,0,0,0,1,0,0,0,0,0,0,0,0,0,0,0,6.016157159698354
0,1,0,0,0,0,0,0,0,1,0,0,0,0,0,1,0,0,0,0,0,0,0,0,0,0,0,6.016157159698354
0,1,0,0,0,0,0,0,0,1,0,0,0,0,0,1,0,0,0,0,0,0,0,0,0,0,0,6.016157159698354
0,1,0,0,0,0,0,0,1,0,0,0,0,1,0,2,0,0,0,1,0,0,1,0,0,0,1,7.003065458786462
0,1,0,0,0,0,0,0,1,0,0,0,0,1,0,2,0,0,0,1,0,0,1,0,0,0,1,6.887552571664617
0,1,0,0,0,0,0,0,1,0,0,0,0,1,0,2,0,0,0,1,0,0,1,0,0,0,1,6.856461984594587
0,1,0,0,0,0,0,0,1,0,0,0,0,0,0,1,1,0,0,0,0,0,1,0,0,1,0,6.902742737158593
0,1,0,0,0,0,0,0,1,0,0,0,0,0,0,1,0,0,0,0,0,0,0,0,0,1,0,7.24422751560335
0,1,0,0,0,0,0,0,1,0,0,0,0,0,0,1,0,0,0,0,0,0,0,1,0,1,0,7.90100705199242
0,1,0,0,0,0,0,0,0,0,0,0,0,0,1,1,0,0,0,0,0,0,0,0,0,0,0,6.606650186198215
0,1,0,0,0,0,0,0,0,1,0,0,0,0,0,1,1,0,0,0,0,0,1,0,0,0,0,6.184148890937483
0,1,0,0,0,0,0,0,0,1,0,0,0,0,0,1,1,0,0,0,0,0,1,0,0,0,0,6.345636360828596
0,1,0,0,0,0,0,0,0,0,0,0,0,0,1,1,0,0,0,0,0,0,0,0,0,0,0,6.016157159698354
0,1,0,0,0,0,0,0,1,0,0,0,1,1,1,4,1,0,0,0,0,0,1,0,0,0,1,6.866933284461882
0,1,0,0,0,0,0,0,1,0,0,0,1,1,1,4,0,0,0,0,0,1,1,0,0,0,1,6.866933284461882
0,1,0,0,0,0,0,0,1,0,0,0,0,1,0,2,1,0,0,0,0,0,1,0,0,0,1,6.672032945461067
0,1,0,0,0,0,0,0,1,0,0,0,1,1,1,4,0,0,0,0,0,1,1,0,0,0,1,6.672032945461067
0,1,0,0,0,0,0,0,0,1,0,0,0,0,0,1,0,0,0,0,0,0,0,0,0,0,0,6.327936783729195
0,1,0,0,0,0,0,0,0,1,0,0,0,0,0,1,1,0,0,0,0,0,1,0,0,0,0,5.966146739123692
0,1,0,0,0,0,0,0,0,1,0,0,0,0,0,1,1,0,0,0,0,0,1,0,0,0,0,6.7912214627261855
0,1,0,0,0,0,0,0,0,1,0,0,0,0,0,1,1,0,0,0,0,0,1,0,0,0,0,6.327936783729195
0,1,0,0,0,0,0,0,0,1,0,0,0,0,0,1,1,0,0,0,0,0,1,0,0,0,0,5.966146739123692
0,1,0,0,0,0,0,0,0,1,0,0,0,0,0,1,1,0,0,0,0,0,1,0,0,0,0,6.492239835020471
0,1,0,0,0,0,0,0,1,0,0,0,0,1,0,2,0,0,0,0,0,1,1,0,0,0,1,6.12029741895095
0,1,0,0,0,0,0,0,1,0,0,0,0,1,0,2,1,0,0,0,0,0,1,0,0,0,1,6.12029741895095
0,1,0,0,0,0,0,0,1,0,0,0,0,1,0,2,0,0,0,1,0,0,1,0,0,0,1,6.897704943128636
0,1,0,0,0,0,0,0,1,0,0,0,0,0,0,1,1,0,0,1,0,0,2,0,0,1,0,7.937374696163295
0,1,0,0,0,0,0,0,1,0,0,0,0,0,0,1,0,0,0,0,0,0,0,0,0,1,0,7.495541943884256
0,1,0,0,0,0,0,0,0,1,0,0,0,0,0,1,1,0,0,0,0,0,1,0,0,0,0,5.666426688112432
0,1,0,0,0,0,0,0,0,1,0,0,0,0,0,1,1,0,0,0,0,0,1,0,0,0,0,5.666426688112432
0,1,0,0,0,0,0,0,1,0,0,0,0,0,0,1,0,0,0,0,0,0,0,0,0,1,0,7.3777589082278725
0,1,0,0,0,0,0,0,1,0,0,0,0,0,0,1,0,0,0,0,0,0,0,0,0,1,0,7.3777589082278725
0,1,0,0,0,0,0,0,1,0,0,0,0,0,0,1,0,0,0,0,0,0,0,0,0,1,0,7.3777589082278725
0,1,0,0,0,0,0,0,1,0,0,0,0,0,0,1,0,0,0,0,0,0,0,0,0,1,0,7.438383530044307
0,1,0,0,0,0,0,0,0,1,0,0,0,0,0,1,0,0,0,0,0,0,0,0,0,0,0,6.016157159698354
0,1,0,0,0,0,0,0,1,0,0,0,0,1,0,2,0,0,0,1,0,0,1,0,0,0,1,6.887552571664617
0,0,0,0,0,0,0,0,0,1,0,0,0,0,0,1,0,0,0,0,0,0,0,0,0,0,0,6.606650186198215
0,0,1,0,1,0,0,0,1,0,0,0,0,1,0,2,1,0,0,0,0,0,1,0,0,0,1,7.170119543449628
0,0,1,0,1,0,0,0,1,0,0,0,0,1,0,2,1,0,0,0,0,0,1,0,0,0,1,6.606650186198215
0,0,1,0,1,0,0,0,0,1,0,0,0,1,0,2,0,1,0,0,0,0,1,0,0,0,1,6.672032945461067
0,0,1,0,1,0,0,0,0,1,0,0,1,0,0,2,0,0,0,0,0,1,1,0,0,0,1,6.856461984594587
0,0,1,0,1,0,0,0,0,1,0,0,0,0,0,1,0,0,0,0,0,1,1,0,0,0,0,6.184148890937483
0,0,1,0,1,0,0,0,0,1,0,0,0,0,0,1,0,0,0,0,0,1,1,0,0,0,0,6.672032945461067
0,0,1,0,1,0,0,0,0,0,0,0,0,0,1,1,0,0,0,0,0,0,0,0,0,0,0,6.184148890937483
0,0,1,0,1,0,0,0,0,1,0,0,0,0,0,1,0,0,0,0,0,0,0,0,0,0,0,6.184148890937483
0,0,1,0,1,0,0,0,0,1,0,0,0,0,0,1,0,0,0,0,0,0,0,0,0,0,0,6.184148890937483
0,0,1,0,1,0,0,0,1,0,0,0,0,1,0,2,0,0,0,0,1,0,1,0,1,0,1,6.476972362889683
0,0,1,0,1,0,0,0,0,1,0,0,0,0,0,1,0,0,0,0,0,1,1,0,0,0,0,5.666426688112432
0,0,1,0,1,0,0,0,0,1,0,0,0,0,0,1,0,0,0,1,0,0,1,0,0,0,0,6.476972362889683
0,0,1,0,1,0,0,0,1,1,0,0,0,0,0,2,0,0,0,0,0,0,0,0,0,0,1,5.783825182329737
0,0,1,0,1,0,0,0,1,0,0,0,0,0,0,1,0,0,0,0,0,0,0,0,0,1,0,6.327936783729195
0,0,1,0,1,0,0,0,1,1,0,0,0,0,0,3,0,0,0,0,0,0,0,0,0,0,1,6.327936783729195
0,0,1,0,1,0,0,0,1,0,0,0,0,0,0,1,0,0,0,0,0,0,1,0,0,1,0,6.633318433280377
0,0,1,0,1,0,0,0,1,1,0,0,0,0,0,2,0,0,0,0,0,0,0,0,0,0,1,5.8998973535824915
0,0,1,0,1,0,0,0,1,0,0,0,0,0,0,1,0,0,0,0,0,0,0,1,0,1,0,7.649692623711514
0,0,1,0,1,0,0,0,1,0,0,0,1,1,1,4,1,0,0,0,0,0,1,0,0,0,1,6.380122536899765
0,0,1,0,1,0,0,0,1,0,0,0,1,1,1,4,0,0,0,0,0,1,1,0,0,0,1,6.12029741895095
0,0,1,0,1,0,0,0,0,1,0,0,0,0,0,1,0,0,0,0,0,0,0,0,0,0,0,5.700443573390687
0,0,1,0,1,0,0,0,0,1,0,0,0,0,0,1,1,0,0,0,0,0,1,0,0,0,0,5.783825182329737
0,0,1,0,1,0,0,0,1,0,0,0,0,1,0,2,0,0,0,1,0,0,1,0,0,0,1,6.593044534142437
0,0,1,0,1,0,0,0,1,0,0,0,0,1,0,2,1,0,0,0,0,0,1,0,0,0,1,6.12029741895095
0,0,1,0,1,0,0,0,1,0,1,0,0,0,0,2,0,0,0,0,0,0,0,1,0,0,1,8.242756345714477
0,0,1,0,1,0,0,0,1,0,1,0,0,0,0,2,0,0,0,0,0,0,0,1,0,0,1,9.0595174822416
0,0,1,0,1,0,0,0,1,0,0,0,0,0,0,1,0,0,0,0,0,0,0,1,0,1,0,8.961879012677683
0,0,1,0,1,0,0,0,1,0,1,0,0,0,0,2,0,0,0,0,0,0,0,1,0,0,1,8.961879012677683
0,0,1,0,1,0,0,0,1,0,0,0,0,0,0,1,0,0,0,0,0,0,0,1,0,1,0,9.0595174822416
0,0,1,0,1,0,0,0,1,0,1,0,0,0,0,2,0,0,0,0,0,0,0,1,0,0,1,8.101677747454572
0,0,1,0,1,0,0,0,1,0,0,0,0,0,0,1,0,0,0,0,0,0,0,1,0,1,0,8.101677747454572
0,0,1,0,1,0,0,0,0,1,0,0,0,1,0,2,0,0,0,0,0,0,2,0,0,0,1,7.575584651557793
0,0,1,0,1,0,0,0,0,1,0,0,0,0,0,1,0,0,1,0,1,0,2,0,0,0,0,7.3777589082278725
0,0,1,0,1,0,0,0,0,1,0,0,0,0,0,1,0,0,1,0,1,0,2,0,0,0,0,6.593044534142437
0,0,1,0,1,0,0,0,0,1,0,0,0,1,0,2,0,0,0,0,0,0,2,0,0,0,1,6.672032945461067
0,0,1,0,1,0,0,0,0,1,0,0,0,0,0,1,1,0,0,0,0,0,1,0,0,0,0,5.966146739123692
0,0,1,0,1,0,0,0,0,1,0,0,0,0,0,1,0,0,0,0,0,0,0,0,0,0,0,6.063785208687608
0,0,1,0,1,0,0,0,1,0,0,0,0,0,0,1,0,0,0,0,0,0,0,0,0,1,0,7.937374696163295
0,0,1,0,1,0,0,0,1,0,0,0,0,0,0,1,1,0,0,0,0,0,1,0,0,1,0,7.824046010856292
0,0,1,0,1,0,0,0,0,1,0,0,0,0,0,1,0,0,0,1,0,0,1,0,0,0,0,7.003065458786462
0,0,1,0,1,0,0,0,0,1,0,0,0,0,0,1,0,0,0,1,0,0,1,0,0,0,0,6.593044534142437
0,0,1,0,1,0,0,0,0,1,0,0,0,1,0,2,0,0,0,1,0,0,1,0,0,0,1,6.4457198193855785
0,0,1,0,1,0,0,0,0,1,0,0,0,1,0,2,0,0,0,1,0,0,1,0,0,0,1,6.20455776256869
0,0,1,0,1,0,0,0,0,1,0,0,0,1,1,3,0,0,0,0,0,0,0,0,1,0,1,6.380122536899765
0,0,1,0,1,0,0,0,0,1,0,0,0,1,0,2,0,0,0,1,0,0,1,0,0,0,1,6.492239835020471
0,0,1,0,1,0,0,0,0,1,0,0,0,1,0,2,0,0,0,0,0,0,0,0,0,0,1,5.783825182329737
0,0,1,0,1,0,0,0,0,1,0,0,0,1,0,2,0,0,0,0,0,0,0,0,1,0,1,5.783825182329737
0,0,1,0,1,0,0,0,0,1,0,0,0,1,0,2,0,0,0,0,0,0,1,0,1,0,1,6.253828811575473
0,0,1,0,0,0,0,0,0,1,0,0,0,0,0,1,0,0,0,0,0,0,0,0,0,0,0,6.016157159698354
0,0,1,0,0,0,0,0,1,0,1,0,0,0,0,2,1,0,0,0,0,0,1,0,0,0,1,7.575584651557793
0,0,1,0,0,0,0,0,1,0,0,0,0,0,0,1,1,0,0,0,0,0,1,0,0,1,0,6.606650186198215
0,0,1,0,0,0,0,0,1,0,0,0,0,0,0,1,0,0,0,0,0,0,0,0,0,1,0,6.606650186198215
0,0,1,0,0,0,0,0,1,0,1,0,0,0,0,2,1,0,0,0,0,0,1,1,0,0,1,7.7406644019172415
0,0,1,0,0,0,0,0,1,0,1,0,0,0,0,2,0,0,0,0,0,0,0,1,0,0,1,7.90100705199242
0,0,1,0,0,0,0,0,1,0,0,0,0,1,0,2,0,0,0,0,0,0,0,1,0,0,1,7.313220387090301
0,0,1,0,0,0,0,0,1,0,1,0,0,0,0,2,0,1,0,0,0,0,1,1,0,0,1,7.90100705199242
0,0,1,0,0,0,0,0,1,0,0,0,0,0,0,1,0,0,0,0,0,0,1,1,0,1,0,7.90100705199242
0,0,1,0,0,0,0,0,1,0,0,0,0,1,0,2,1,0,0,0,0,0,1,0,0,0,1,6.672032945461067
0,0,1,0,0,0,0,0,0,1,0,0,0,0,0,1,0,0,0,0,0,1,1,0,0,0,0,6.606650186198215
0,0,1,0,0,0,0,0,0,1,0,0,0,0,0,1,0,0,0,0,0,0,0,0,0,0,0,6.016157159698354
0,0,1,0,1,0,0,0,1,0,0,0,0,1,0,2,0,0,0,0,0,0,0,0,0,0,1,6.543911845564792
0,0,1,0,0,0,0,0,1,0,0,0,0,0,0,1,0,0,0,0,0,0,0,1,0,1,0,7.649692623711514
0,0,0,0,0,0,0,0,1,0,0,0,0,1,0,2,0,1,0,0,0,0,1,0,0,0,1,6.184148890937483
0,0,1,0,0,0,0,0,0,1,0,0,0,0,0,1,0,0,0,0,0,1,1,0,0,0,0,6.709304340258298
0,0,1,0,0,0,0,0,0,1,0,0,0,0,0,1,0,0,0,0,0,1,1,0,0,0,0,6.184148890937483
0,0,1,0,0,0,0,0,0,1,0,0,0,0,0,1,0,0,0,0,0,1,1,0,0,0,0,7.090076835776092
0,0,1,0,0,0,0,0,0,1,0,0,0,0,0,1,0,0,0,0,0,1,1,0,0,0,0,6.184148890937483
0,0,1,0,0,0,0,0,0,1,0,0,0,0,0,1,0,0,0,0,0,1,1,0,0,0,0,5.768320995793772
0,0,1,0,0,0,0,0,0,1,0,0,0,0,0,1,0,0,0,0,0,1,1,0,0,0,0,6.429719478039138
0,0,1,0,0,0,0,0,0,1,0,0,0,0,0,1,1,0,0,0,0,0,1,0,0,0,0,6.345636360828596
0,0,1,0,0,0,0,0,0,1,0,0,0,0,0,1,0,0,0,0,0,0,0,0,0,0,0,6.184148890937483
0,0,1,0,0,0,0,0,0,0,0,0,0,0,1,1,0,0,0,0,0,0,0,0,0,0,0,5.91350300563827
0,0,1,0,0,0,0,0,1,0,0,0,0,1,0,2,0,0,0,1,0,0,1,0,0,0,1,6.4457198193855785
0,0,1,0,0,0,0,0,1,0,0,0,0,1,0,2,0,0,0,1,0,0,1,0,0,0,1,6.897704943128636
0,0,1,0,0,0,0,0,1,0,0,0,0,1,0,2,0,0,0,0,1,0,1,0,0,0,1,6.253828811575473
0,0,1,0,0,0,0,0,1,0,0,0,0,1,0,2,0,0,0,0,1,0,1,0,0,0,1,6.253828811575473
0,0,1,0,0,0,0,0,1,0,0,0,0,1,0,2,0,0,0,1,0,0,1,0,0,0,1,6.380122536899765
0,0,1,0,0,0,0,0,0,0,0,1,0,0,0,1,0,0,0,1,0,0,1,0,0,0,0,7.7406644019172415
0,0,1,0,0,0,0,0,0,0,0,1,0,0,0,1,0,1,0,0,0,0,1,0,1,0,0,7.438383530044307
0,0,1,0,0,0,0,0,0,0,0,1,0,0,0,1,0,0,0,0,0,0,0,0,0,0,0,7.575584651557793
0,0,1,0,0,0,0,0,0,0,0,1,0,0,0,1,0,0,0,1,0,0,1,0,0,0,0,8.507142855562735
0,0,1,0,0,0,0,0,0,0,0,1,0,0,0,1,0,1,0,0,0,0,1,0,0,0,0,7.7406644019172415
0,0,1,0,0,0,0,0,0,0,0,1,0,0,0,1,0,1,0,0,0,0,1,0,0,0,0,7.3777589082278725
0,0,1,0,0,0,0,0,1,0,0,1,0,0,0,2,0,0,0,1,0,0,1,0,0,0,1,8.974618038455112
0,0,1,0,0,0,0,0,0,1,0,0,0,1,0,2,0,0,0,0,0,0,0,0,0,0,1,5.91350300563827
0,0,1,0,0,0,0,0,0,1,0,0,0,1,0,2,0,0,0,0,0,0,0,0,0,0,1,6.813444599510896
0,0,1,0,0,0,0,0,1,0,0,0,0,1,0,2,1,0,0,0,0,0,1,0,0,0,1,6.887552571664617
0,0,1,0,0,0,0,0,1,0,0,0,0,1,0,2,0,0,0,0,0,0,0,0,0,0,1,6.12029741895095
0,0,1,0,0,0,0,0,1,0,0,0,0,1,0,2,0,0,0,0,0,0,0,0,0,0,1,6.672032945461067
0,0,1,0,0,0,0,0,1,0,0,0,0,0,0,1,0,0,1,0,0,0,1,0,1,1,0,7.438383530044307
0,0,1,0,0,0,0,0,1,0,0,0,0,0,0,1,0,1,0,0,0,0,2,0,0,1,0,7.438383530044307
0,0,1,0,0,0,0,0,0,1,0,0,0,1,0,2,0,0,0,0,0,0,0,0,0,0,1,6.29156913955832
0,0,1,0,0,0,0,0,0,1,0,0,0,1,0,2,0,0,0,0,0,0,0,0,0,0,1,6.380122536899765
0,0,1,0,0,0,0,0,1,0,1,0,0,0,0,2,0,0,0,0,0,0,0,1,0,0,1,9.011889433252344
0,0,1,0,0,0,0,0,1,0,0,0,0,0,0,1,0,0,0,1,0,0,1,0,0,1,0,7.696212639346407
0,0,1,0,0,0,0,0,1,0,0,0,0,0,0,1,0,0,0,1,0,0,1,0,0,1,0,7.824046010856292
0,0,0,1,0,0,0,0,1,0,1,0,0,0,0,2,0,0,0,0,0,0,0,1,0,0,1,8.318742252692399
0,0,0,1,0,0,0,0,0,1,0,0,0,0,0,1,1,0,0,0,0,0,1,0,0,0,0,6.429719478039138
0,0,0,1,0,0,0,0,1,0,1,0,0,0,0,2,0,1,0,0,0,0,1,1,0,0,1,7.9724660159745655
0,0,0,1,0,0,0,0,1,0,0,0,0,0,0,1,0,0,0,0,0,0,1,1,0,1,0,7.9724660159745655
0,0,0,1,0,0,0,0,1,0,0,0,0,1,0,2,1,0,0,0,0,0,1,0,0,0,1,6.902742737158593
0,0,0,1,0,0,0,0,0,1,0,0,0,0,0,1,0,0,0,0,0,0,0,0,0,0,0,6.12029741895095
0,0,0,1,0,0,0,0,1,0,0,0,0,0,0,1,0,0,0,0,0,0,0,1,0,1,0,7.824046010856292
0,0,0,1,0,0,0,0,0,1,0,0,0,0,0,1,0,0,0,0,0,1,1,0,0,0,0,6.016157159698354
0,0,0,1,0,0,0,0,1,0,0,0,0,1,0,2,0,0,0,0,0,0,0,0,1,0,1,7.495541943884256
0,0,0,1,0,0,0,0,1,0,0,0,0,1,0,2,1,0,0,0,0,0,1,0,1,0,1,6.856461984594587
0,0,0,1,0,0,0,0,0,1,0,0,0,0,0,1,0,0,0,0,0,0,0,0,0,0,0,6.672032945461067
0,0,0,1,0,0,0,0,0,1,0,0,0,0,0,1,0,0,0,0,0,0,0,0,0,0,0,6.29156913955832
0,0,0,1,0,0,0,0,0,0,0,0,0,0,1,1,0,0,0,0,0,0,0,0,0,0,0,6.016157159698354
0,0,0,1,0,0,0,0,0,0,0,0,0,0,1,1,0,0,0,0,0,0,0,0,0,0,0,6.016157159698354
0,0,0,1,0,0,0,0,1,0,0,0,0,0,0,1,0,0,1,0,0,0,1,0,1,1,0,7.9724660159745655
0,0,0,1,0,0,0,0,0,1,0,0,0,0,0,1,0,0,0,0,0,0,0,0,0,0,0,6.345636360828596
0,0,0,1,0,0,0,0,1,0,1,0,0,0,0,2,0,0,0,0,0,0,0,1,0,0,1,8.268731832117737
0,0,0,1,0,0,0,0,0,1,0,0,0,0,0,1,0,0,0,0,0,0,0,0,0,0,0,6.29156913955832
0,0,0,1,0,0,0,0,1,0,0,0,0,1,0,2,0,0,0,1,0,0,1,0,0,0,1,7.090076835776092
0,0,0,1,0,0,0,0,1,0,0,0,0,1,0,2,0,0,0,1,0,0,1,0,0,0,1,7.24422751560335
0,0,0,1,0,0,0,0,0,1,0,0,0,0,0,1,0,0,0,0,0,0,0,0,0,0,0,6.016157159698354
0,0,0,1,0,0,0,0,0,1,0,0,0,0,0,1,0,0,0,0,0,0,0,0,0,0,0,6.184148890937483
0,0,0,1,0,0,0,0,0,1,0,0,0,0,0,1,0,0,0,0,0,0,0,0,0,0,0,6.12029741895095
0,0,0,1,0,0,0,0,0,1,0,0,0,0,0,1,0,0,0,0,0,0,0,0,0,0,0,6.12029741895095
0,0,0,1,0,0,0,0,1,1,0,0,0,1,0,3,1,0,0,0,0,0,1,0,0,0,1,6.745236349484363
0,0,0,1,0,0,0,0,1,1,0,0,0,1,0,3,0,0,0,0,0,0,0,0,0,0,1,7.824046010856292
0,0,0,1,0,0,0,0,0,1,0,0,0,0,0,1,0,0,0,0,0,0,0,0,0,0,0,7.438383530044307
0,0,0,1,0,0,0,0,1,1,0,0,0,1,0,3,0,0,0,0,0,0,0,0,0,0,1,7.824046010856292
0,0,0,1,0,0,0,0,0,1,0,0,0,0,0,1,0,0,0,0,0,0,0,0,0,0,0,6.492239835020471
0,0,0,1,0,0,0,0,1,1,0,0,0,0,0,3,0,0,0,0,0,0,1,0,0,0,1,7.313220387090301
0,0,0,1,0,0,0,0,1,0,0,0,0,0,0,1,1,0,0,1,0,0,2,0,0,1,0,8.101677747454572
0,0,0,1,0,0,0,0,1,1,0,0,0,0,0,2,0,0,0,1,0,0,1,0,0,0,1,8.101677747454572
0,0,0,1,0,0,0,0,1,1,0,0,0,0,0,2,0,0,0,1,0,0,1,0,0,0,1,9.425451751593128
0,0,0,1,0,0,0,0,1,0,0,0,0,0,0,1,1,0,0,1,0,0,2,0,0,1,0,9.409191230721348
0,0,0,1,0,0,0,0,1,0,0,0,0,0,0,1,0,0,0,1,0,0,1,1,0,1,0,8.68270762989381
0,0,0,1,0,0,0,0,1,1,0,0,0,0,0,3,1,0,0,0,0,0,1,0,0,0,1,6.721425700790643
0,0,0,1,0,0,0,0,0,1,0,0,0,0,0,1,0,0,0,0,0,0,0,0,0,0,0,6.897704943128636
0,0,0,1,0,0,0,0,0,1,0,0,0,0,0,1,0,0,0,0,0,0,0,0,0,0,0,6.593044534142437
0,0,0,1,0,0,0,0,1,0,0,0,0,0,0,1,1,0,0,0,0,0,1,0,0,1,0,7.170119543449628
0,0,0,1,0,0,0,0,1,0,0,0,0,0,0,1,1,0,0,0,0,0,1,0,0,1,0,7.170119543449628
0,0,0,1,0,0,0,0,1,0,0,0,0,0,0,1,1,0,0,0,0,0,1,0,0,1,0,7.170119543449628
0,0,0,1,0,0,0,0,0,1,0,0,0,1,0,2,0,0,0,0,0,0,0,0,0,0,1,6.4457198193855785
0,0,0,1,0,0,0,0,0,1,0,0,0,1,0,2,0,0,0,1,0,0,1,0,0,0,1,7.24422751560335
0,0,0,1,0,0,0,0,0,1,0,0,0,0,0,1,1,0,0,0,0,0,1,0,0,0,0,6.633318433280377
0,0,0,1,0,0,0,0,1,0,0,0,0,0,0,1,1,0,0,1,0,0,2,1,0,1,0,8.318742252692399
0,0,0,1,0,0,0,0,0,1,0,0,0,1,0,2,1,0,0,0,0,0,1,0,1,0,1,6.633318433280377
0,0,0,1,0,0,0,0,0,1,0,0,0,0,0,1,1,0,0,0,0,0,1,0,0,0,0,6.12029741895095
0,0,0,1,0,0,0,0,1,0,0,0,0,0,0,1,0,0,0,0,0,0,0,0,1,1,0,8.630521876723241
0,0,0,0,0,0,1,0,0,1,0,0,0,0,0,1,0,0,0,0,0,0,0,0,0,0,0,6.016157159698354
0,0,0,0,0,0,1,0,0,1,0,0,0,0,0,1,0,0,0,0,0,0,0,0,0,0,0,6.184148890937483
0,0,0,0,0,0,1,0,1,0,0,0,0,1,0,2,0,0,0,0,0,0,0,0,1,0,1,7.003065458786462
0,0,0,0,0,0,1,0,0,1,0,0,0,0,0,1,0,0,0,0,0,0,0,0,0,0,0,5.91350300563827
0,0,0,0,0,0,1,0,0,1,0,0,0,0,0,1,0,0,0,0,0,0,0,0,0,0,0,6.29156913955832
0,0,0,0,0,0,1,0,1,0,0,0,0,1,0,2,0,0,0,0,0,0,0,0,1,0,1,6.672032945461067
0,0,0,0,0,0,1,0,1,0,0,0,0,0,0,1,1,0,0,0,0,0,1,0,0,1,0,6.606650186198215
0,0,0,0,0,0,1,0,1,0,0,0,0,0,0,1,0,0,0,0,0,0,0,1,0,1,0,8.268731832117737
0,0,0,0,0,0,1,0,0,1,0,0,0,0,0,1,0,0,0,0,0,0,0,0,0,0,0,5.476463551931511
0,0,0,0,0,0,1,0,0,1,0,0,0,0,0,1,0,0,0,0,0,0,0,0,0,0,0,5.768320995793772
0,0,0,0,0,0,1,0,0,1,0,0,0,0,0,1,0,0,0,0,0,0,0,0,0,0,0,5.476463551931511
0,0,0,0,0,0,1,0,0,1,0,0,1,0,0,2,1,0,0,0,0,0,1,0,0,0,1,5.476463551931511
0,0,0,0,0,0,1,0,0,1,0,0,0,0,0,1,0,0,0,0,0,0,0,0,0,0,0,5.476463551931511
0,0,0,0,0,0,1,0,0,1,0,0,0,0,0,1,0,0,0,0,0,0,0,0,0,0,0,5.476463551931511
0,0,0,0,0,0,1,0,0,1,0,0,0,0,0,1,1,0,0,0,0,0,1,0,0,0,0,6.184148890937483
0,0,0,0,0,0,1,0,1,0,0,0,0,1,0,2,1,0,0,0,0,0,1,0,0,0,1,6.709304340258298
0,0,0,0,0,0,1,0,0,1,0,0,0,0,0,1,0,0,0,0,0,0,0,0,0,0,0,5.476463551931511
0,0,0,0,0,0,1,0,1,0,0,0,0,0,0,1,0,0,0,0,0,0,0,0,0,1,0,5.768320995793772
0,0,0,0,0,0,1,0,0,1,0,0,0,0,0,1,0,0,0,0,0,0,1,0,0,0,0,5.476463551931511
0,0,0,0,0,0,1,0,1,0,0,0,0,1,0,2,0,0,0,0,0,0,0,0,0,0,1,5.768320995793772
0,0,0,0,0,0,1,0,0,1,0,0,0,0,0,1,0,0,0,0,0,1,1,0,0,0,0,6.476972362889683
0,0,0,0,0,0,1,0,0,1,0,0,0,0,0,1,0,0,0,0,0,0,0,0,0,0,0,6.184148890937483
0,0,0,0,0,0,1,0,0,0,0,0,0,0,1,1,0,0,0,0,0,0,0,0,0,0,0,6.429719478039138
0,0,0,0,0,0,1,0,0,0,0,0,0,0,1,1,0,0,0,0,0,0,0,0,0,0,0,6.016157159698354
0,0,1,0,1,0,0,0,1,0,0,0,0,0,0,1,0,0,0,0,0,0,0,0,0,1,0,7.003065458786462
0,0,1,0,1,0,0,0,1,0,0,0,0,0,0,1,0,0,0,0,0,0,0,0,0,1,0,7.24422751560335
0,0,1,0,1,0,0,0,0,1,0,0,0,0,0,1,0,0,0,0,0,0,0,0,0,0,0,5.768320995793772
0,0,1,0,1,0,0,0,0,1,0,0,0,0,0,1,0,0,0,0,0,0,0,0,0,0,0,5.476463551931511
0,0,1,0,1,0,0,0,0,1,0,0,0,1,0,2,0,0,0,0,0,0,0,0,0,0,1,5.768320995793772
0,0,1,0,1,0,0,0,0,1,0,0,0,0,0,1,0,0,0,0,0,0,0,0,0,0,0,5.666426688112432
0,0,1,0,1,0,0,0,1,1,0,0,0,1,0,3,0,0,0,0,0,0,0,0,0,0,1,5.476463551931511
0,0,0,0,0,0,1,0,1,0,0,0,0,1,0,2,1,0,0,0,0,0,1,0,0,0,1,5.556828061699537
0,0,0,0,0,0,1,0,0,1,0,0,0,0,0,1,0,0,0,0,0,0,0,0,0,0,0,5.43372200355424
0,0,0,0,0,0,1,0,0,1,0,0,0,0,0,1,0,0,0,0,1,0,1,0,0,0,0,5.556828061699537
0,0,0,0,0,0,1,0,0,1,0,0,0,0,0,1,0,0,0,1,0,0,1,0,0,0,0,5.783825182329737
0,0,0,0,0,0,1,0,1,0,0,0,0,1,0,2,1,0,0,0,0,0,1,0,0,0,1,5.966146739123692
0,0,0,0,0,0,1,0,0,1,0,0,0,0,0,1,0,0,0,0,0,0,0,0,0,0,0,5.783825182329737
0,0,0,0,0,0,1,0,0,1,0,0,0,0,0,1,0,0,0,0,1,0,1,0,0,0,0,5.966146739123692
0,0,0,0,0,0,1,0,0,1,0,0,0,0,0,1,0,0,0,1,0,0,1,0,0,0,0,6.253828811575473
0,0,0,0,0,0,1,0,1,0,0,0,0,0,0,1,0,0,0,0,0,0,0,0,0,1,0,8.101677747454572
0,0,0,0,0,0,1,0,1,0,0,0,0,0,0,1,0,0,0,0,0,0,0,0,0,1,0,7.824046010856292
0,0,0,0,0,0,1,0,1,0,0,0,0,0,0,1,1,0,0,0,0,0,1,0,0,1,0,7.3777589082278725
0,0,0,0,0,0,1,0,0,1,0,0,0,1,0,2,0,0,0,0,0,0,0,0,0,0,1,6.492239835020471
0,0,0,0,0,0,1,0,0,1,0,0,0,1,0,2,0,0,0,0,0,0,0,0,0,0,1,6.20455776256869
0,0,0,0,0,0,1,0,0,1,0,0,0,0,0,1,0,0,0,0,0,0,0,0,0,0,0,6.016157159698354
0,0,0,0,0,0,1,0,0,1,0,0,1,0,0,2,0,0,0,0,0,0,0,0,0,0,1,6.016157159698354
0,0,0,0,0,0,1,0,0,1,0,0,0,0,0,1,0,0,0,0,0,0,0,0,0,0,0,6.12029741895095
0,0,0,0,0,0,1,0,0,1,0,0,0,0,0,1,0,0,0,0,0,0,0,0,0,0,0,6.12029741895095
0,0,0,1,0,0,0,1,0,1,0,0,0,1,1,3,0,0,0,0,0,0,0,0,0,0,1,6.476972362889683
0,0,0,1,0,0,0,1,0,1,0,0,0,1,1,3,0,0,0,0,0,0,0,0,0,0,1,6.476972362889683
0,0,0,0,0,1,0,0,1,0,0,0,0,1,0,2,0,0,0,0,0,0,0,0,0,0,1,5.3471075307174685
0,0,0,0,0,0,0,0,0,1,0,0,0,0,0,1,0,0,0,0,0,0,0,0,0,0,0,5.3471075307174685
0,0,0,1,0,1,0,0,0,1,0,0,0,0,0,1,0,0,0,0,0,0,0,0,0,0,0,4.8283137373023015
0,0,0,0,0,1,0,0,1,1,0,0,0,0,0,2,0,0,0,0,0,0,0,0,0,0,1,6.7912214627261855
0,0,0,0,0,1,0,0,1,1,0,0,0,0,0,2,0,0,0,0,0,0,0,0,0,0,1,6.253828811575473
0,0,0,0,0,1,0,0,1,0,0,0,0,1,0,2,0,0,0,0,0,0,0,0,0,0,1,6.543911845564792
0,0,0,0,0,1,0,0,1,0,0,0,0,0,0,1,0,0,0,0,0,0,0,0,0,1,0,6.543911845564792
0,0,0,0,0,1,0,0,0,1,0,0,0,0,0,1,0,0,0,0,0,0,0,0,0,0,0,6.345636360828596
0,0,0,0,0,1,0,0,0,1,0,0,0,0,0,1,0,0,0,0,0,0,0,0,0,0,0,6.184148890937483
0,0,0,0,0,1,0,0,0,1,0,0,0,0,0,1,0,0,0,0,0,0,0,0,0,0,0,6.476972362889683
0,0,0,0,0,1,0,0,0,1,0,0,0,0,0,1,0,0,0,0,0,0,0,0,0,0,0,6.543911845564792
0,0,0,0,0,1,0,0,0,1,0,0,0,1,0,2,0,0,0,0,0,0,0,0,0,0,1,6.016157159698354
0,0,0,0,0,1,0,0,0,1,0,0,0,0,0,1,0,0,0,0,0,0,0,0,0,0,0,5.0689042022202315
0,0,0,0,0,1,0,0,0,1,0,0,0,0,0,1,0,0,0,0,0,0,0,0,0,0,0,6.016157159698354
0,0,0,0,0,1,0,0,0,1,0,0,0,0,0,1,0,0,0,0,0,0,0,0,0,0,0,5.91350300563827
0,0,0,0,0,1,0,0,0,1,0,0,0,0,0,1,0,0,0,0,0,0,0,0,0,0,0,5.3471075307174685
0,0,0,0,0,1,0,0,1,0,0,0,0,0,0,1,0,0,0,0,0,0,0,0,0,1,0,6.476972362889683
0,0,0,0,0,1,0,0,0,0,0,0,0,0,1,1,0,0,0,0,0,0,0,0,0,0,0,7.003065458786462
0,0,0,0,0,1,0,0,1,0,0,0,0,0,0,1,0,0,0,0,0,0,0,0,0,1,0,6.345636360828596
0,0,0,0,0,1,0,0,1,0,0,0,0,0,0,1,0,0,0,0,0,0,0,0,0,1,0,6.345636360828596
0,0,0,0,0,0,0,0,1,0,0,0,0,0,0,1,0,0,0,0,0,0,0,0,0,1,0,7.90100705199242
0,0,0,0,0,1,0,0,1,0,0,0,0,0,0,1,0,0,0,0,0,0,0,0,0,1,0,7.313220387090301
0,0,0,0,0,0,0,0,0,1,0,0,0,0,0,1,0,0,0,0,0,0,0,0,0,0,0,7.495541943884256
0,0,0,0,0,0,0,0,0,0,0,0,0,0,1,1,0,0,0,0,0,0,0,0,0,0,0,5.579729825986222
0,0,0,0,0,1,0,0,0,0,0,0,0,0,1,1,0,0,0,0,0,0,0,0,0,0,0,5.3471075307174685
0,0,0,0,0,1,0,0,0,0,0,0,0,0,1,1,0,0,0,0,0,0,0,0,0,0,0,5.1647859739235145
0,0,0,0,0,0,0,0,0,0,0,0,0,0,1,1,0,0,0,0,0,0,0,0,0,0,0,4.74493212836325
0,0,0,0,0,1,0,0,1,0,1,0,0,0,0,2,0,0,0,0,0,0,0,0,0,0,1,8.1886891244442
0,0,0,0,0,1,0,0,1,0,0,0,0,0,0,1,0,0,0,0,0,0,0,0,0,1,0,8.1886891244442
0,0,0,0,0,1,0,0,1,0,0,0,0,0,0,1,0,0,0,0,0,0,0,0,0,1,0,7.696212639346407
0,0,0,0,0,1,0,0,1,0,0,0,0,0,0,1,0,0,0,0,0,0,0,0,0,1,0,7.549609165154532
0,0,0,0,0,1,0,0,0,1,0,0,0,0,0,1,0,0,0,0,0,0,0,0,0,0,0,5.3471075307174685
0,0,0,0,0,1,0,0,0,1,0,0,0,0,0,1,0,0,0,0,0,0,0,0,0,0,0,6.543911845564792
0,0,0,0,0,1,0,0,0,1,0,0,0,0,0,1,0,0,0,0,0,0,0,0,0,0,0,6.184148890937483
0,0,0,0,0,1,0,0,0,1,0,0,0,0,0,1,0,0,0,0,0,0,0,0,0,0,0,6.184148890937483
0,0,0,0,0,1,0,0,0,1,0,0,0,0,0,1,0,0,0,0,0,0,0,0,0,0,0,5.0689042022202315
0,0,0,0,0,1,0,0,0,1,0,0,0,0,0,1,0,0,0,0,0,0,0,0,0,0,0,5.0689042022202315
0,0,0,0,0,1,0,0,0,1,0,0,0,0,0,1,0,0,0,0,0,0,0,0,0,0,0,4.9344739331306915
0,0,0,0,0,1,0,0,0,1,0,0,0,0,0,1,1,0,0,0,0,0,1,0,0,0,0,6.12029741895095
0,0,0,0,0,1,0,0,0,1,0,0,0,0,0,1,0,0,0,0,0,0,0,0,0,0,0,5.579729825986222
0,0,0,0,0,0,0,0,1,0,1,0,0,0,0,2,0,0,0,0,0,0,0,0,0,0,1,7.313220387090301
0,0,0,0,0,1,0,0,1,0,0,0,0,0,0,1,0,0,0,0,0,0,0,0,0,1,0,7.438383530044307
0,0,0,0,0,1,0,0,0,1,0,0,0,0,0,1,0,0,0,0,0,0,0,0,0,0,0,5.476463551931511
0,0,0,0,0,1,0,0,0,1,0,0,0,0,0,1,0,0,0,0,0,0,0,0,0,0,0,6.476972362889683
0,0,0,0,0,1,0,0,0,1,0,0,0,0,0,1,0,0,0,0,0,0,0,0,0,0,0,5.579729825986222
